City_ID,City,Country,Lat,Lng,Max Temp,Humidity,Cloudiness,Wind Speed,Current Description
0,Hermanus,ZA,-34.4187,19.2345,71.8,79,96,18.01,overcast clouds
1,Tucurui,BR,-3.7661,-49.6725,72.21,98,100,2.64,overcast clouds
2,Alofi,NU,-19.0595,-169.9187,78.69,83,52,5.75,broken clouds
3,Avarua,CK,-21.2078,-159.775,80.65,69,75,6.91,broken clouds
4,Punta Arenas,CL,-53.15,-70.9167,51.91,71,0,25.32,light rain
5,Isangel,VU,-19.55,169.2667,86.11,70,88,4.61,overcast clouds
6,Rikitea,PF,-23.1203,-134.9692,77.95,72,10,12.1,clear sky
7,Busselton,AU,-33.65,115.3333,71.13,47,1,16.6,clear sky
8,Tuatapere,NZ,-46.1333,167.6833,75.29,44,11,2.89,few clouds
9,Richards Bay,ZA,-28.783,32.0377,70.97,95,4,5.17,clear sky
10,Cayenne,GF,4.9333,-52.3333,73.44,88,40,1.14,scattered clouds
11,Gizo,SB,-8.103,156.8419,84.92,70,76,9.51,broken clouds
12,Lavrentiya,RU,65.5833,-171.0,-5.13,86,99,13.15,overcast clouds
13,Manavgat,TR,36.7867,31.4431,53.4,56,100,3.06,overcast clouds
14,Yellowknife,CA,62.456,-114.3525,1.92,85,100,4.61,light snow
15,Barrow,US,71.2906,-156.7887,-16.58,76,100,17.27,haze
16,Lebu,CL,-37.6167,-73.65,55.9,83,100,19.1,overcast clouds
17,Onega,RU,63.9061,38.1404,32.99,90,100,15.88,overcast clouds
18,Kapaa,US,22.0752,-159.319,80.92,71,0,5.75,clear sky
19,Mataura,NZ,-46.1927,168.8643,81.77,30,3,7.27,clear sky
20,Tema,GH,5.667,-0.0166,81.01,89,75,3.44,broken clouds
21,Kovur,IN,14.4833,79.9833,66.04,88,83,3.49,broken clouds
22,Mount Isa,AU,-20.7333,139.5,82.17,61,100,12.66,overcast clouds
23,Lasa,IT,46.6166,10.7002,30.02,91,100,2.59,light snow
24,Frederikshavn,DK,57.4407,10.5366,41.29,73,28,24.56,scattered clouds
25,East Wenatchee Bench,US,47.4257,-120.2812,42.08,98,100,5.75,mist
26,Kiruna,SE,67.8557,20.2251,16.72,86,100,6.91,snow
27,Sinnamary,GF,5.3833,-52.95,74.7,90,100,6.6,overcast clouds
28,Faanui,PF,-16.4833,-151.75,79.07,75,100,19.42,light rain
29,Saint-Philippe,RE,-21.3585,55.7679,74.79,81,47,12.91,scattered clouds
30,Cape Town,ZA,-33.9258,18.4232,70.21,76,0,20.71,clear sky
31,Costa Rica,BR,-23.4167,-54.65,71.38,89,22,2.59,few clouds
32,Bluff,NZ,-46.6,168.3333,66.58,63,3,5.75,clear sky
33,Vaini,TO,-21.2,-175.2,80.76,94,75,8.05,light intensity drizzle
34,Norman Wells,CA,65.282,-126.8329,-5.76,84,100,0.0,light snow
35,Gora,PL,51.6664,16.5349,38.07,70,36,11.27,scattered clouds
36,Klaksvik,FO,62.2266,-6.589,29.32,64,100,23.15,light snow
37,Bongandanga,CD,1.5,21.05,73.45,75,100,1.63,overcast clouds
38,Port Alfred,ZA,-33.5906,26.891,69.19,92,100,16.96,overcast clouds
39,Ranong,TH,9.9658,98.6348,71.53,66,37,3.11,scattered clouds
40,Pangnirtung,CA,66.1451,-65.7125,-43.11,94,84,5.44,broken clouds
41,Arraial Do Cabo,BR,-22.9661,-42.0278,74.64,89,98,24.0,overcast clouds
42,Balsas,BR,-7.5325,-46.0356,72.81,87,100,1.99,overcast clouds
43,Suntar,RU,62.1444,117.6319,-70.04,100,93,0.78,overcast clouds
44,Albany,US,42.6001,-73.9662,22.37,78,8,5.97,clear sky
45,Dunedin,NZ,-45.8742,170.5036,68.14,65,12,9.42,few clouds
46,Hilo,US,19.7297,-155.09,78.53,77,40,13.8,scattered clouds
47,Calatrava,PH,10.595,123.4838,81.77,75,4,2.59,clear sky
48,Brownsville,US,25.9018,-97.4975,70.09,78,0,18.41,clear sky
49,Chokurdakh,RU,70.6333,147.9167,-17.72,90,6,12.39,clear sky
50,Wernberg,AT,46.6233,13.9607,38.71,97,100,3.15,moderate rain
51,Butaritari,KI,3.0707,172.7902,81.0,78,100,12.84,overcast clouds
52,Bayamo,CU,20.3792,-76.6433,60.19,72,0,4.52,clear sky
53,Asau,RO,46.4333,26.4,31.28,84,23,5.66,few clouds
54,Kodiak,US,57.79,-152.4072,36.91,87,100,8.05,light rain
55,Bredasdorp,ZA,-34.5322,20.0403,69.08,84,92,15.75,overcast clouds
56,Kayes,ML,14.0,-11.0,74.32,11,2,7.16,clear sky
57,Sikonge,TZ,-5.6333,32.7667,62.04,97,99,1.99,overcast clouds
58,Acajutla,SV,13.5928,-89.8275,75.25,61,5,4.99,clear sky
59,Vao,NC,-22.6667,167.4833,76.69,70,100,13.98,overcast clouds
60,Nemuro,JP,43.3236,145.575,28.33,92,100,20.31,light snow
61,Hithadhoo,MV,-0.6,73.0833,79.65,65,89,4.97,overcast clouds
62,Obidos,BR,-1.9175,-55.5181,72.05,96,100,3.18,overcast clouds
63,Hamina,FI,60.5697,27.1979,36.68,97,100,17.45,overcast clouds
64,Nelson Bay,AU,-32.7167,152.15,80.65,62,0,11.03,clear sky
65,Esperance,AU,-33.8667,121.9,73.47,72,100,19.33,overcast clouds
66,Jamestown,US,42.097,-79.2353,23.18,71,0,3.44,clear sky
67,Grindavik,IS,63.8424,-22.4338,19.87,68,0,18.41,clear sky
68,Ushuaia,AR,-54.8,-68.3,53.26,58,75,5.75,broken clouds
69,Vestmanna,FO,62.1564,-7.1664,27.52,93,75,20.71,snow
70,Jinchang,CN,38.4953,102.1739,11.35,57,100,2.77,overcast clouds
71,Sao Filipe,CV,14.8961,-24.4956,75.29,67,69,5.7,broken clouds
72,Tuktoyaktuk,CA,69.4541,-133.0374,-14.8,76,100,8.05,overcast clouds
73,Provideniya,RU,64.3833,-173.3,10.51,61,0,29.08,clear sky
74,New Norfolk,AU,-42.7826,147.0587,70.72,37,0,4.0,clear sky
75,Chuy,UY,-33.6971,-53.4616,66.09,80,0,6.38,clear sky
76,Katsuura,JP,35.1333,140.3,46.42,87,100,5.06,overcast clouds
77,Keti Bandar,PK,24.1447,67.4497,61.12,47,7,3.4,clear sky
78,Castro,BR,-24.7911,-50.0119,64.49,97,91,1.79,overcast clouds
79,Aden,YE,12.7794,45.0367,76.44,69,67,13.15,broken clouds
80,Hofn,IS,64.2539,-15.2082,24.28,59,100,21.27,overcast clouds
81,Denpasar,ID,-8.65,115.2167,83.86,83,75,11.5,light rain
82,Kaitangata,NZ,-46.2817,169.8464,71.46,57,27,6.44,scattered clouds
83,Thompson,CA,55.7435,-97.8558,3.36,85,100,5.75,light snow
84,Roebourne,AU,-20.7833,117.1333,86.22,63,88,8.48,overcast clouds
85,Jilib,SO,0.4883,42.7854,74.34,88,95,8.05,overcast clouds
86,Hobart,AU,-42.8794,147.3294,71.06,51,75,11.5,broken clouds
87,Aksarka,RU,66.5606,67.7975,8.2,97,98,3.49,overcast clouds
88,Mar Del Plata,AR,-38.0023,-57.5575,70.09,88,40,8.05,scattered clouds
89,Severo-Kurilsk,RU,50.6789,156.125,17.4,79,100,26.19,light snow
90,Changtu,CN,42.7788,124.0955,6.78,56,0,7.18,clear sky
91,Lyndon,US,38.2567,-85.6016,39.54,58,0,6.91,clear sky
92,Bonfim,BR,3.0833,-59.95,76.59,80,100,5.14,overcast clouds
93,Port Hardy,CA,50.6996,-127.4199,44.78,100,100,2.3,light intensity shower rain
94,Opuwo,NA,-18.0607,13.84,70.25,65,76,3.69,broken clouds
95,Port Lincoln,AU,-34.7333,135.8667,74.25,55,51,8.57,broken clouds
96,Torbay,CA,47.6666,-52.7314,33.39,95,100,21.0,light rain
97,Kenai,US,60.5544,-151.2583,30.15,93,100,14.97,overcast clouds
98,Baltasi,RU,56.3462,50.2062,8.33,90,88,13.47,overcast clouds
99,Salalah,OM,17.0151,54.0924,69.89,88,20,2.3,few clouds
100,Bengkulu,ID,-3.8004,102.2655,79.95,73,38,1.99,scattered clouds
101,Bethel,US,41.3712,-73.414,35.96,52,0,10.36,clear sky
102,Isla Vista,US,34.4133,-119.861,52.99,93,100,4.61,mist
103,Kununurra,AU,-15.7667,128.7333,85.98,79,40,6.91,scattered clouds
104,Yumen,CN,40.2833,97.2,6.31,69,5,27.54,clear sky
105,Yerbogachen,RU,61.2767,108.0108,-63.08,100,93,2.55,overcast clouds
106,Bathsheba,BB,13.2167,-59.5167,77.61,83,40,9.22,scattered clouds
107,Korla,CN,41.7597,86.1469,3.22,94,91,2.3,overcast clouds
108,Waitati,NZ,-45.75,170.5667,70.48,60,25,6.31,scattered clouds
109,Derzhavinsk,KZ,51.1,66.3167,-3.37,86,13,6.4,few clouds
110,Sitka,US,57.0531,-135.33,42.69,87,100,3.44,mist
111,Pocone,BR,-16.2567,-56.6228,76.62,78,100,3.11,overcast clouds
112,Charleston,US,32.7766,-79.9309,42.98,67,0,0.0,clear sky
113,Guayaramerin,BO,-10.8368,-65.3614,72.54,97,63,2.48,broken clouds
114,Vila Velha,BR,-20.3297,-40.2925,76.95,90,20,6.91,few clouds
115,Komsomolskiy,UZ,40.4272,71.7189,9.32,78,4,2.3,mist
116,Tomatlan,MX,19.9333,-105.25,67.06,73,41,2.77,scattered clouds
117,Naze,JP,28.3667,129.4833,56.32,75,98,17.76,overcast clouds
118,Beloha,MG,-25.1667,45.05,71.87,88,0,7.87,clear sky
119,Priargunsk,RU,50.3691,119.1012,-16.51,97,100,3.24,overcast clouds
120,Dongning,CN,44.0622,131.1207,6.93,62,0,11.79,clear sky
121,Bandarbeyla,SO,9.4942,50.8122,75.16,75,67,15.32,light rain
122,La Ronge,CA,55.1001,-105.2842,14.25,85,75,2.3,light snow
123,Doka,SD,13.5167,35.7667,72.46,31,13,13.2,few clouds
124,Oktyabrskiy,RU,54.4815,53.471,-2.07,86,25,5.66,scattered clouds
125,Namibe,AO,-15.1961,12.1522,71.89,81,100,2.1,light rain
126,Aswan,EG,24.0934,32.907,54.7,47,0,4.61,clear sky
127,Arlit,NE,18.7369,7.3853,60.03,23,0,5.68,clear sky
128,Vardo,NO,70.3705,31.1107,33.78,86,100,26.46,light snow
129,Victoria,HK,22.2855,114.1577,56.25,71,94,13.0,overcast clouds
130,Le Port,RE,-20.9373,55.2919,78.26,55,46,6.44,scattered clouds
131,Colquiri,BO,-17.4167,-67.1333,39.99,80,50,10.13,scattered clouds
132,Westerly,US,41.3776,-71.8273,39.06,65,100,13.8,overcast clouds
133,Verkhniy Rohachyk,UA,47.2505,34.338,30.22,81,100,5.12,overcast clouds
134,Sidi Ali,DZ,36.0998,0.4206,52.74,89,14,10.27,few clouds
135,Tiksi,RU,71.6872,128.8694,-30.01,100,100,4.76,overcast clouds
136,Lorengau,PG,-2.0226,147.2712,83.77,68,76,3.44,broken clouds
137,Atar,MR,20.5169,-13.0499,67.19,19,2,10.11,clear sky
138,Aranos,NA,-24.1333,19.1167,78.93,38,41,10.63,scattered clouds
139,Morehead,US,37.2711,-87.1764,39.99,48,0,0.0,clear sky
140,Dori,BF,14.0354,-0.0345,67.6,19,99,9.01,overcast clouds
141,Belmonte,BR,-15.8631,-38.8828,75.52,81,67,5.5,broken clouds
142,San Andres,CO,12.5847,-81.7006,78.82,65,20,14.97,few clouds
143,Rio Gallegos,AR,-51.6226,-69.2181,60.85,41,0,10.36,clear sky
144,Karangampel,ID,-6.4622,108.4519,83.21,72,100,5.37,overcast clouds
145,Constitucion,CL,-35.3333,-72.4167,56.73,79,25,11.54,scattered clouds
146,Preobrazheniye,RU,42.9019,133.9064,14.18,31,0,6.73,clear sky
147,Lompoc,US,34.6391,-120.4579,51.53,92,100,10.36,overcast clouds
148,Erenhot,CN,43.6475,111.9767,6.75,68,0,16.6,clear sky
149,Saint-Joseph,RE,-21.3667,55.6167,73.78,78,31,12.1,scattered clouds
150,Ribeira Grande,PT,38.5167,-28.7,50.77,81,6,10.0,clear sky
151,Paamiut,GL,61.994,-49.6678,12.52,76,100,26.08,light snow
152,Camacha,PT,33.0833,-16.3333,60.22,77,40,11.5,light rain
153,Albury,AU,-36.0833,146.9167,93.33,31,100,6.33,overcast clouds
154,Hualmay,PE,-11.0964,-77.6139,69.8,80,100,7.07,overcast clouds
155,Nova Olimpia,BR,-14.7972,-57.2881,73.47,90,100,2.13,overcast clouds
156,Saldanha,ZA,-33.0117,17.9442,60.85,87,1,8.05,clear sky
157,Aller,ES,43.1187,-5.5839,42.66,97,100,7.11,light rain
158,Itarema,BR,-2.9248,-39.9167,77.45,86,100,9.55,overcast clouds
159,Pokhara,NP,28.2333,83.9833,49.62,50,100,0.65,overcast clouds
160,Scarborough,GB,54.2797,-0.4044,33.37,89,100,2.71,overcast clouds
161,Nanakuli,US,21.3906,-158.1547,78.75,61,100,10.36,overcast clouds
162,Sorland,NO,67.667,12.6934,35.46,59,100,10.49,overcast clouds
163,Codrington,AU,-38.2667,141.9667,74.23,37,0,12.55,clear sky
164,Khor,RU,47.8861,134.9464,-10.75,93,99,10.18,overcast clouds
165,Leningradskiy,RU,69.3833,178.4167,-28.68,100,97,0.25,overcast clouds
166,Oksfjord,NO,70.2396,22.3479,32.18,89,100,11.03,overcast clouds
167,Katobu,ID,-4.9408,122.5276,86.65,60,99,4.07,overcast clouds
168,Longyearbyen,SJ,78.2186,15.6401,17.44,67,40,20.71,scattered clouds
169,Bollnas,SE,61.3482,16.3946,32.47,99,100,2.17,light snow
170,Waddan,LY,29.1614,16.139,49.46,75,0,3.53,clear sky
171,Pine Bluff,US,34.2284,-92.0032,58.32,57,100,8.05,overcast clouds
172,Airai,TL,-8.9266,125.4092,72.14,63,100,2.59,overcast clouds
173,Puerto Ayora,EC,-0.7393,-90.3518,75.54,95,35,3.0,scattered clouds
174,Khatanga,RU,71.9667,102.5,-53.23,99,54,4.07,broken clouds
175,Cedar City,US,37.6775,-113.0619,34.77,75,100,10.36,overcast clouds
176,Matara,LK,5.9485,80.5353,75.38,83,100,3.78,overcast clouds
177,Sistranda,NO,63.7256,8.834,30.16,92,100,4.36,light snow
178,Whitianga,NZ,-36.8333,175.7,68.11,68,9,11.16,clear sky
179,Havre-Saint-Pierre,CA,50.2334,-63.5986,17.6,67,0,13.8,clear sky
180,Mahebourg,MU,-20.4081,57.7,79.09,78,40,12.66,scattered clouds
181,Swan Hill,AU,-35.3378,143.5544,89.51,23,84,4.81,broken clouds
182,Touros,BR,-5.1989,-35.4608,78.87,76,100,11.9,overcast clouds
183,Narsaq,GL,60.9167,-46.05,14.22,70,41,17.29,scattered clouds
184,Tasiilaq,GL,65.6145,-37.6368,24.96,85,100,18.77,light snow
185,Kholm,RU,59.2667,32.85,32.4,97,100,14.2,light snow
186,Tilichiki,RU,60.4667,166.1,-6.74,90,100,7.9,overcast clouds
187,Dikson,RU,73.5069,80.5464,-33.79,92,5,4.32,clear sky
188,Huarmey,PE,-10.0681,-78.1522,70.03,78,100,7.81,overcast clouds
189,Jacareacanga,BR,-6.2222,-57.7528,71.53,94,93,0.87,overcast clouds
190,Nikolskoye,RU,59.7035,30.7861,33.8,97,100,11.81,light snow
191,Jujutla,SV,13.7869,-89.8572,74.61,65,3,4.54,clear sky
192,Namatanai,PG,-3.6667,152.4333,83.71,70,89,6.53,overcast clouds
193,Leme,BR,-22.1856,-47.3903,69.48,92,100,1.36,moderate rain
194,Shymkent,KZ,42.3,69.6,1.99,85,0,2.24,clear sky
195,Qaanaaq,GL,77.484,-69.3632,-7.8,60,25,7.11,scattered clouds
196,Poronaysk,RU,49.2167,143.1167,-2.83,77,2,3.6,clear sky
197,Adrar,MR,20.5022,-10.0711,62.22,19,0,11.21,clear sky
198,Namie,JP,37.4833,141.0,40.98,82,100,10.45,overcast clouds
199,Bambous Virieux,MU,-20.3428,57.7575,79.05,78,40,12.66,scattered clouds
200,Saint-Georges,GD,12.0564,-61.7485,78.48,78,20,8.05,few clouds
201,Chara,RU,56.9064,118.2631,-27.4,79,37,0.29,scattered clouds
202,Fortuna,US,40.5982,-124.1573,49.66,89,20,3.0,few clouds
203,Srednekolymsk,RU,67.45,153.6833,-43.94,99,69,6.49,broken clouds
204,Mao,ES,39.8885,4.2658,48.76,100,75,5.75,broken clouds
205,Along,IN,28.1667,94.7667,54.64,87,99,1.28,overcast clouds
206,Iranshahr,IR,27.2025,60.6848,48.85,31,0,1.43,clear sky
207,Waingapu,ID,-9.6567,120.2641,86.23,65,84,9.71,broken clouds
208,Bar,UA,49.0772,27.6826,36.18,84,100,12.44,overcast clouds
209,Benavente,ES,42.0025,-5.6783,39.65,81,100,14.0,overcast clouds
210,Verkhnevilyuysk,RU,63.4453,120.3167,-71.21,100,85,3.13,overcast clouds
211,Upernavik,GL,72.7868,-56.1549,1.56,74,100,5.28,overcast clouds
212,Tecoanapa,MX,16.5167,-98.75,76.96,82,0,7.7,clear sky
213,Carnarvon,AU,-24.8667,113.6333,77.58,60,0,22.91,clear sky
214,Ugoofaaru,MV,5.6667,73.0,80.02,74,76,10.98,broken clouds
215,Erzin,TR,36.9559,36.2,48.72,86,100,5.82,light rain
216,Voh,NC,-20.9667,164.7,84.45,63,99,7.11,overcast clouds
217,Metkovic,HR,43.0542,17.6483,41.47,76,100,6.04,overcast clouds
218,Baiao,BR,-2.7906,-49.6717,71.01,99,99,1.92,overcast clouds
219,Manakara,MG,-22.1333,48.0167,72.21,92,56,3.42,light rain
220,Coihaique,CL,-45.5752,-72.0662,55.35,54,0,9.22,clear sky
221,Borba,BR,-4.3878,-59.5939,71.53,99,82,1.74,broken clouds
222,Souillac,MU,-20.5167,57.5167,79.18,78,40,12.66,scattered clouds
223,Itambe,BR,-15.245,-40.6244,66.29,97,61,2.51,broken clouds
224,East London,ZA,-33.0153,27.9116,70.86,88,100,8.03,light rain
225,Marzuq,YE,14.4,46.4667,59.92,65,80,5.17,broken clouds
226,Estelle,US,29.8458,-90.1067,55.4,81,0,9.22,clear sky
227,Kupang,ID,-10.1667,123.5833,77.58,100,100,12.66,thunderstorm with light rain
228,Basoko,CD,1.2391,23.616,75.27,70,100,2.3,overcast clouds
229,Ayan,RU,56.45,138.1667,-27.26,62,100,12.03,overcast clouds
230,San Rafael,AR,-34.6177,-68.3301,73.22,39,41,6.42,scattered clouds
231,Padang,ID,-0.9492,100.3543,77.05,73,94,0.67,overcast clouds
232,Pemagatsel,BT,27.0319,91.4266,43.52,87,96,0.94,overcast clouds
233,Port Elizabeth,ZA,-33.918,25.5701,70.32,90,20,9.22,few clouds
234,Atuona,PF,-9.8,-139.0333,78.13,75,100,13.8,overcast clouds
235,Nuuk,GL,64.1835,-51.7216,6.62,85,100,16.62,light snow
236,Medea,DZ,36.2642,2.7539,42.01,79,3,4.18,clear sky
237,Pyaozerskiy,RU,65.8333,31.1667,33.42,92,100,12.73,overcast clouds
238,Vestmannaeyjar,IS,63.4427,-20.2734,22.95,66,0,9.73,clear sky
239,Yulara,AU,-25.2406,130.9889,94.48,21,2,16.49,clear sky
240,Cherskiy,RU,68.75,161.3,-41.08,99,48,5.44,scattered clouds
241,Natal,BR,-5.795,-35.2094,79.45,78,20,8.05,few clouds
242,Caravelas,BR,-17.7125,-39.2481,73.33,90,89,5.19,overcast clouds
243,Ewa Beach,US,21.3156,-158.0072,78.75,66,100,10.36,overcast clouds
244,Cap Malheureux,MU,-19.9842,57.6142,78.48,75,22,7.0,light rain
245,Kisangani,CD,0.5167,25.2,72.81,80,100,3.11,overcast clouds
246,Kitami,JP,43.8031,143.8908,23.13,85,100,2.64,overcast clouds
247,Olafsvik,IS,64.8945,-23.7142,23.07,70,14,14.27,few clouds
248,Geraldton,AU,-28.7667,114.6,73.81,56,100,25.32,overcast clouds
249,Tessalit,ML,20.1986,1.0114,62.4,21,0,11.36,clear sky
250,Tonj,SS,7.2737,28.6822,71.91,29,59,4.41,broken clouds
251,Champerico,GT,14.3,-91.9167,78.3,76,3,1.79,clear sky
252,Mitzic,GA,0.7821,11.549,67.64,98,59,1.3,broken clouds
253,Puerto Del Rosario,ES,28.5004,-13.8627,65.95,72,40,20.71,scattered clouds
254,Nome,US,64.5011,-165.4064,15.87,79,100,8.05,snow
255,Ponta Do Sol,PT,32.6667,-17.1,64.0,72,44,6.55,scattered clouds
256,Georgetown,MY,5.4112,100.3354,82.33,93,20,5.99,few clouds
257,Sivaki,RU,52.6333,126.75,-20.51,94,56,3.09,broken clouds
258,Shakawe,BW,-18.3667,21.85,68.54,86,100,3.91,overcast clouds
259,High Level,CA,58.5169,-117.136,3.31,85,40,0.0,scattered clouds
260,Moctezuma,MX,29.8,-109.6667,57.72,54,78,10.0,broken clouds
261,Aberdeen,GB,57.1437,-2.0981,32.49,77,98,12.66,overcast clouds
262,Cervo,ES,43.6702,-7.4101,54.37,84,100,30.6,overcast clouds
263,Port Macquarie,AU,-31.4333,152.9167,80.89,57,3,9.42,clear sky
264,Tura,IN,25.5198,90.2201,57.99,56,0,1.86,clear sky
265,Hambantota,LK,6.1241,81.1185,73.74,100,75,2.3,broken clouds
266,Kuusamo,FI,65.9667,29.1833,32.04,93,100,14.97,overcast clouds
267,Rosetta,EG,31.4044,30.4164,56.14,65,92,13.89,overcast clouds
268,Iqaluit,CA,63.7506,-68.5145,-22.27,74,75,2.3,broken clouds
269,Portland,US,45.5234,-122.6762,48.15,89,100,13.8,overcast clouds
270,Bassila,BJ,9.0081,1.6654,71.71,23,8,5.21,clear sky
271,Clyde River,CA,70.4692,-68.5914,-12.77,64,100,11.5,overcast clouds
272,Gat,IL,31.61,34.7642,52.48,66,10,5.61,clear sky
273,Helong,CN,42.5397,128.9972,8.22,48,0,5.84,clear sky
274,Mitsamiouli,KM,-11.3847,43.2844,79.21,78,50,4.41,moderate rain
275,Thinadhoo,MV,0.5333,72.9333,78.78,72,100,1.59,overcast clouds
276,Jasper,US,37.2001,-94.3502,59.0,66,20,18.41,few clouds
277,Kavieng,PG,-2.5744,150.7967,83.05,75,88,7.23,moderate rain
278,Mattawa,US,46.7379,-119.9028,46.4,78,100,0.83,overcast clouds
279,Xifeng,CN,42.7372,124.7222,6.22,61,0,5.86,clear sky
280,Kahului,US,20.8947,-156.47,78.82,72,40,17.27,scattered clouds
281,Zuenoula,CI,7.4292,-6.0431,70.14,29,1,2.91,clear sky
282,Cidreira,BR,-30.1811,-50.2056,73.56,86,100,8.48,overcast clouds
283,Ivanivka,UA,46.7208,34.553,31.01,80,100,3.96,overcast clouds
284,Bacolod,PH,10.6667,122.95,81.66,80,8,5.46,clear sky
285,Shimoda,JP,34.6667,138.95,52.16,68,100,16.82,moderate rain
286,Oro Valley,US,32.3909,-110.9665,52.57,88,100,3.0,moderate rain
287,Ancud,CL,-41.8697,-73.8203,51.55,83,66,5.5,broken clouds
288,Trairi,BR,-3.2778,-39.2689,76.69,87,100,8.3,overcast clouds
289,Porto Novo,BJ,6.4965,2.6036,80.42,84,2,4.81,clear sky
290,Nakamura,JP,32.9833,132.9333,55.2,69,54,9.84,broken clouds
291,Kathmandu,NP,27.7167,85.3167,43.02,87,75,2.3,mist
292,Tahoua,NE,14.8888,5.2692,61.86,20,83,12.53,broken clouds
293,Nishihara,JP,26.1842,127.7558,60.46,76,75,26.46,broken clouds
294,Mehamn,NO,71.0357,27.8492,30.11,74,100,4.61,light snow
295,Noshiro,JP,40.2039,140.0242,34.63,71,100,15.86,overcast clouds
296,Pareora,NZ,-44.4871,171.2132,75.18,63,2,9.8,clear sky
297,Phalombe,MW,-15.8064,35.6507,66.16,96,100,1.41,overcast clouds
298,Baghdad,IQ,33.3406,44.4009,44.51,76,100,3.44,fog
299,Buchanan,LR,5.8808,-10.0467,77.56,85,0,1.28,clear sky
300,Buala,SB,-8.145,159.5921,85.5,67,72,3.83,broken clouds
301,Springville,US,40.1652,-111.6107,37.15,89,100,0.0,overcast clouds
302,Soyo,AO,-6.1349,12.3689,78.4,84,100,0.85,light rain
303,Novikovo,RU,51.1537,37.8879,19.85,96,97,4.29,overcast clouds
304,Pacifica,US,37.6138,-122.4869,50.13,93,100,10.0,mist
305,Broken Hill,AU,-31.95,141.4333,93.16,24,4,7.29,clear sky
306,Tudela,ES,42.0617,-1.6045,38.3,59,100,22.77,overcast clouds
307,Galesong,ID,-5.3166,119.3661,86.02,73,95,4.5,overcast clouds
308,Sao Joao Da Barra,BR,-21.6403,-41.0511,75.47,86,85,18.48,overcast clouds
309,Dekar,BW,-21.5333,21.9333,73.63,45,36,10.07,scattered clouds
310,Riyadh,SA,24.6877,46.7219,55.54,70,87,8.28,overcast clouds
311,Seoul,KR,37.5683,126.9778,25.99,52,0,10.36,clear sky
312,Yantzaza,EC,-3.8278,-78.7594,66.63,99,99,0.78,light rain
313,Saint-Augustin,CA,51.226,-58.6502,10.06,85,100,7.2,overcast clouds
314,Nouadhibou,MR,20.931,-17.0347,69.78,43,56,10.36,broken clouds
315,Bilibino,RU,68.0546,166.4372,-24.39,95,82,7.11,broken clouds
316,Somerville,US,42.3876,-71.0995,32.34,87,100,18.41,light snow
317,North Bend,US,43.4065,-124.2243,47.86,94,75,8.05,broken clouds
318,Roma,US,43.2128,-75.4557,20.95,88,75,5.75,broken clouds
319,Sao Jose Da Coroa Grande,BR,-8.8978,-35.1478,76.75,75,31,2.39,scattered clouds
320,Saskylakh,RU,71.9167,114.0833,-39.5,97,100,3.96,overcast clouds
321,Kirkenaer,NO,60.4564,12.0582,16.54,99,100,1.63,overcast clouds
322,Tateyama,JP,34.9833,139.8667,49.1,83,100,1.48,light rain
323,Locri,IT,38.2414,16.2623,51.26,68,32,6.42,scattered clouds
324,Casma,CL,-41.0082,-73.1244,58.28,85,100,4.7,overcast clouds
325,Nizhniy Kuranakh,RU,58.8353,125.4869,-48.1,99,96,0.85,overcast clouds
326,Aklavik,CA,68.2191,-135.0107,-17.55,97,100,3.58,overcast clouds
327,Najran,SA,17.4924,44.1277,59.65,48,5,0.89,clear sky
328,Teknaf,BD,20.8624,92.3058,66.63,61,0,5.64,clear sky
329,Anaco,VE,9.4389,-64.4728,77.81,63,84,7.52,broken clouds
330,Thiruvananthapuram,IN,8.4833,76.9167,76.98,83,20,0.0,mist
331,Vila Franca Do Campo,PT,37.7167,-25.4333,52.21,80,6,5.57,clear sky
332,Acapulco,MX,16.8634,-99.8901,80.42,74,20,3.44,few clouds
333,Develi,TR,38.3906,35.4922,25.95,90,100,5.26,overcast clouds
334,Luwingu,ZM,-10.2621,29.9271,59.09,98,100,1.3,overcast clouds
335,Yinchuan,CN,38.4681,106.2731,14.88,43,100,1.5,overcast clouds
336,Broome,US,42.2506,-75.833,22.69,88,100,9.22,overcast clouds
337,Abalak,RU,58.1286,68.5944,16.38,80,37,14.32,scattered clouds
338,Lata,PT,40.1629,-8.3327,54.07,78,100,11.16,overcast clouds
339,Istra,RU,55.9178,36.8642,26.74,91,100,12.75,overcast clouds
340,Montepuez,MZ,-13.1256,38.9997,67.39,99,99,0.4,overcast clouds
341,Itamaraca,BR,-7.7478,-34.8256,80.65,77,100,6.8,overcast clouds
342,Leonidovo,RU,49.2833,142.8667,0.32,71,3,1.74,clear sky
343,Berezanskaya,RU,45.7056,39.5932,32.4,83,11,2.59,few clouds
344,Turukhansk,RU,65.8167,87.9833,-18.96,97,100,11.83,light snow
345,Mweka,CD,-4.85,21.5667,67.59,99,100,1.03,light rain
346,Santa Rosa,PH,14.3122,121.1114,80.02,82,100,11.81,moderate rain
347,Urbana,US,40.1106,-88.2073,40.51,73,0,17.27,clear sky
348,Tarut,SA,26.5733,50.0369,61.0,83,15,7.67,few clouds
349,Fort Nelson,CA,58.8053,-122.7002,10.94,94,100,2.3,mist
350,Kaeo,NZ,-35.1,173.7833,71.33,72,24,13.73,few clouds
351,Bakel,SN,14.905,-12.4568,74.01,12,18,12.17,few clouds
352,Atambua,ID,-9.1061,124.8925,80.55,72,100,4.47,overcast clouds
353,Eniwa,JP,42.8779,141.5442,25.65,46,75,11.5,light snow
354,Gushikawa,JP,26.3544,127.8686,60.39,70,100,13.8,overcast clouds
355,Samarai,PG,-10.6167,150.6667,86.49,68,88,6.38,overcast clouds
356,Senhor Do Bonfim,BR,-10.4614,-40.1894,69.01,82,100,2.91,overcast clouds
357,Husavik,IS,66.0449,-17.3389,22.55,69,100,15.68,overcast clouds
358,Acarau,BR,-2.8856,-40.12,77.45,87,100,10.45,overcast clouds
359,Muroto,JP,33.2833,134.15,56.79,73,87,14.38,overcast clouds
360,Kuryk,KZ,43.2,51.65,26.47,40,100,17.56,overcast clouds
361,Bitung,ID,1.4451,125.1824,90.45,68,18,3.24,few clouds
362,Quila,MX,24.4228,-107.22,71.46,79,0,2.44,clear sky
363,Sobolevo,RU,54.4299,31.8996,26.58,96,100,16.46,overcast clouds
364,Filadelfia,US,39.9523,-75.1638,36.05,54,0,13.8,clear sky
365,Alice Springs,AU,-23.7,133.8833,89.15,40,5,12.66,clear sky
366,Lazarev,RU,52.225,141.5131,-15.72,89,5,0.78,clear sky
367,Dunmore Town,BS,25.5,-76.65,68.22,55,0,13.85,clear sky
368,Manokwari,ID,-0.8667,134.0833,82.85,71,100,7.18,overcast clouds
369,Anito,PH,12.4497,125.2886,82.27,78,80,4.72,broken clouds
370,Muros,ES,42.7762,-9.0603,56.08,87,100,26.44,overcast clouds
371,Usogorsk,RU,63.4106,48.6872,24.49,92,100,11.41,overcast clouds
372,Teya,RU,60.3778,92.6267,-14.8,100,100,3.74,overcast clouds
373,Gisborne,NZ,-38.6533,178.0042,67.1,65,43,9.73,scattered clouds
374,Nanortalik,GL,60.1432,-45.2371,19.87,69,100,39.17,overcast clouds
375,Qaqortoq,GL,60.7167,-46.0333,14.41,71,46,33.64,scattered clouds
376,Atherton,GB,53.5237,-2.4935,39.29,95,92,3.4,overcast clouds
377,Were Ilu,ET,10.6,39.4333,44.11,62,8,6.91,clear sky
378,Biak,ID,-0.9131,122.8766,83.55,64,99,1.77,light rain
379,Tarata,BO,-17.6167,-66.0167,69.22,68,94,5.5,overcast clouds
380,Vihti,FI,60.417,24.3197,37.53,90,88,11.01,overcast clouds
381,Sirpur,IN,19.4833,79.6,63.41,64,0,1.97,clear sky
382,Deputatskiy,RU,69.3,139.9,-34.71,100,90,0.31,overcast clouds
383,Kavaratti,IN,10.5669,72.642,79.07,71,48,11.23,scattered clouds
384,Mount Gambier,AU,-37.8333,140.7667,78.42,27,0,6.6,clear sky
385,Mkuranga,TZ,-7.118,39.2078,73.87,93,87,3.49,overcast clouds
386,Ouadda,CF,8.0777,22.4007,67.68,28,100,5.97,overcast clouds
387,Harper,LR,4.375,-7.7169,78.44,80,2,4.85,clear sky
388,Marang,MY,5.2056,103.2059,83.97,75,56,6.4,broken clouds
389,Zhigansk,RU,66.7697,123.3711,-49.22,93,100,5.97,overcast clouds
390,Luderitz,NA,-26.6481,15.1594,68.49,69,100,9.66,overcast clouds
391,Talnakh,RU,69.4865,88.3972,-34.96,88,15,6.6,few clouds
392,Uruzgan,AF,32.8333,66.0,22.19,25,0,9.53,clear sky
393,Xiongzhou,CN,25.1167,114.3,41.09,71,94,5.91,overcast clouds
394,Christchurch,NZ,-43.5333,172.6333,76.48,60,8,17.27,clear sky
395,Pauini,BR,-7.7136,-66.9764,74.19,95,100,1.63,light rain
396,Baiyin,CN,36.5583,104.2081,13.37,31,100,3.31,overcast clouds
397,Pevek,RU,69.7008,170.3133,-30.91,99,38,3.38,scattered clouds
398,Port Blair,IN,11.6667,92.75,68.04,94,40,0.0,mist
399,Dali,CN,25.7,100.1833,45.32,62,0,4.0,clear sky
400,Jiutai,CN,44.1525,125.8328,3.54,58,0,8.41,clear sky
401,Kunming,CN,25.0389,102.7183,30.13,100,100,6.71,fog
402,Xiaoweizhai,CN,26.1903,107.5125,30.88,66,98,6.15,overcast clouds
403,Port Arthur,CN,38.8,121.2667,19.62,43,0,8.86,clear sky
404,Borovoy,RU,55.4333,86.0833,11.48,85,100,15.66,light snow
405,Jizan,SA,17.3333,42.6667,74.34,78,5,1.61,clear sky
406,Saint Anthony,US,45.0205,-93.218,36.41,83,0,9.22,clear sky
407,Canmore,CA,51.0834,-115.3521,32.11,98,82,0.0,broken clouds
408,Moree,AU,-29.4667,149.85,90.43,29,0,5.68,clear sky
409,Vangaindrano,MG,-23.35,47.6,72.3,90,36,1.07,scattered clouds
410,Los Amates,GT,15.2667,-89.1,64.85,93,29,0.47,scattered clouds
411,Petropavlovsk-Kamchatskiy,RU,53.0452,158.6483,12.79,31,2,22.37,clear sky
412,Gustrow,DE,53.7972,12.1734,39.52,81,75,6.91,broken clouds
413,Hasaki,JP,35.7333,140.8333,45.0,82,100,13.8,light rain
414,Ponta Delgada,PT,37.7333,-25.6667,52.52,76,20,4.61,few clouds
415,Sri Aman,MY,1.2376,111.4621,80.65,83,40,0.0,scattered clouds
416,Pontianak,ID,-0.0333,109.3333,80.58,83,20,4.61,few clouds
417,Tiarei,PF,-17.5333,-149.3333,77.0,79,100,11.16,light rain
418,Cabo San Lucas,MX,22.8909,-109.9124,73.06,68,0,14.97,clear sky
419,Wyndham,US,37.6985,-77.6125,35.94,65,0,3.44,clear sky
420,Vacaria,BR,-28.5122,-50.9339,66.67,94,54,5.93,broken clouds
421,Mbandaka,CD,0.0487,18.2603,72.27,88,100,2.01,overcast clouds
422,Wharton,US,29.3116,-96.1027,68.92,83,40,12.66,scattered clouds
423,Umarkot,PK,25.3616,69.7362,48.99,17,0,6.11,clear sky
424,Shelburne,CA,44.0787,-80.2041,23.79,78,99,5.08,overcast clouds
425,Tromso,NO,69.6496,18.957,28.38,68,75,2.3,light snow
426,Caninde De Sao Francisco,BR,-9.66,-37.7894,73.15,82,55,4.36,broken clouds
427,Rundu,NA,-17.9333,19.7667,65.41,93,100,3.87,light rain
428,Dolzhanskaya,RU,46.6311,37.8039,33.24,80,89,6.53,overcast clouds
429,Arcata,US,40.8665,-124.0828,49.93,91,75,3.44,broken clouds
430,Brusque,BR,-27.0981,-48.9175,78.1,100,100,0.65,heavy intensity rain
431,Ketchikan,US,55.3422,-131.6461,37.87,100,75,5.75,mist
432,Rudbar,AF,30.15,62.6,33.3,30,0,0.85,clear sky
433,Praia Da Vitoria,PT,38.7333,-27.0667,50.76,93,0,5.21,clear sky
434,San Patricio,US,28.017,-97.5169,69.89,73,98,20.62,overcast clouds
435,Fukue,JP,32.6881,128.8419,41.36,70,75,13.8,broken clouds
436,San Juan,AR,-31.5375,-68.5364,79.54,35,71,4.12,broken clouds
437,El Alto,PE,-4.2714,-81.2147,69.46,73,100,12.66,overcast clouds
438,Abu Samrah,SY,35.3029,37.1841,48.72,84,100,6.06,overcast clouds
439,Ipixuna,BR,-1.7625,-48.8043,71.38,98,100,1.23,overcast clouds
440,Araouane,ML,18.9048,-3.5265,64.87,20,0,10.74,clear sky
441,Dumas,US,35.8656,-101.9732,55.54,26,0,36.82,clear sky
442,Prince Rupert,CA,54.3161,-130.3201,41.09,99,100,16.11,light rain
443,Mutuipe,BR,-13.2286,-39.5047,68.63,98,87,3.15,overcast clouds
444,Wageningen,NL,51.9667,5.6667,40.95,92,100,10.36,overcast clouds
445,Meulaboh,ID,4.1363,96.1285,77.54,84,49,3.96,scattered clouds
446,Guerrero Negro,MX,27.9769,-114.0611,64.08,76,99,11.45,overcast clouds
447,Asyut,EG,27.181,31.1837,48.38,53,0,4.45,clear sky
448,Saint-Pierre,RE,-21.3393,55.4781,78.91,69,0,8.05,clear sky
449,Deniliquin,AU,-35.5333,144.9667,93.09,27,100,4.16,overcast clouds
450,Conceicao Da Barra,BR,-18.5933,-39.7322,75.07,82,100,6.29,overcast clouds
451,Grand Forks,US,47.9417,-97.4337,24.53,93,100,0.0,mist
452,The Valley,AI,18.217,-63.0578,77.09,72,0,1.12,clear sky
453,Coquimbo,CL,-29.9533,-71.3436,62.33,82,0,6.91,clear sky
454,Moron,AR,-34.6534,-58.6198,83.97,45,77,8.39,broken clouds
455,Graham,US,47.0529,-122.2943,44.98,91,100,6.91,light rain
456,Hami,CN,42.8,93.45,12.45,35,100,1.81,overcast clouds
457,Tyup,KG,42.7276,78.3648,5.56,72,7,4.85,clear sky
458,Kharp,RU,66.8014,65.8081,16.88,92,100,6.49,overcast clouds
459,Sovetskaya,RU,44.7769,41.1722,29.86,75,2,7.02,clear sky
460,Kruisfontein,ZA,-34.0033,24.7314,67.89,92,63,6.26,broken clouds
461,Palmer,US,42.1584,-72.3287,36.14,43,75,17.27,broken clouds
462,Canavieiras,BR,-15.675,-38.9472,74.08,84,44,3.94,scattered clouds
463,Hovd,MN,48.0056,91.6419,-0.56,69,97,0.36,overcast clouds
464,Port Hueneme,US,34.1478,-119.1951,55.42,92,100,9.22,moderate rain
465,Hot Springs,US,34.5037,-93.0552,59.4,61,75,8.05,broken clouds
466,Berezovka,BY,53.7214,25.4993,34.52,98,100,10.31,overcast clouds
467,Kiama,AU,-34.6833,150.8667,79.25,69,81,7.83,broken clouds
468,Nicoya,CR,10.1483,-85.452,73.58,77,32,13.33,scattered clouds
469,Starnberg,DE,48.0,11.35,35.51,73,75,9.22,broken clouds
470,Margate,GB,51.3813,1.3862,43.9,88,100,7.0,light rain
471,Mugumu,TZ,-1.85,34.7,58.64,94,55,1.81,light rain
472,Kampot,KH,10.6167,104.1833,80.65,69,7,3.51,clear sky
473,Kirakira,SB,-10.4544,161.9205,83.64,70,99,5.39,overcast clouds
474,Goderich,CA,43.7501,-81.7165,30.52,51,100,8.05,overcast clouds
475,Belaya Gora,RU,68.5333,146.4167,-43.28,100,99,1.77,overcast clouds
476,Walvis Bay,NA,-22.9575,14.5053,67.15,82,100,11.5,overcast clouds
477,Luganville,VU,-15.5333,167.1667,83.32,75,61,3.09,light rain
478,Leo,BF,11.1,-2.1,67.69,21,35,7.83,scattered clouds
479,Comodoro Rivadavia,AR,-45.8667,-67.5,66.06,55,0,4.61,clear sky
480,Ossora,RU,59.2353,163.0719,2.57,84,100,5.37,overcast clouds
481,Gimli,CA,50.6336,-96.9907,26.62,86,100,2.3,overcast clouds
482,Clinton,US,42.587,-82.9199,30.22,82,75,9.22,broken clouds
483,Osinki,RU,52.8432,49.5132,7.72,92,11,8.41,few clouds
484,Hervey Bay,AU,-25.2986,152.8535,77.02,96,100,8.01,light rain
485,Bria,CF,6.5423,21.9863,66.85,34,60,3.76,broken clouds
486,Lukovetskiy,RU,64.2956,41.9211,31.55,91,100,14.32,overcast clouds
487,Yaan,NG,7.3833,8.5667,75.65,20,74,7.92,broken clouds
488,Cam Ranh,VN,11.9214,109.1591,78.76,65,20,8.05,few clouds
489,Puerto Escondido,MX,15.85,-97.0667,75.31,84,4,3.94,clear sky
490,Narasannapeta,IN,18.4167,84.05,69.73,88,14,4.52,few clouds
491,Culebra,PR,18.303,-65.301,77.09,83,2,3.0,light rain
492,Bansi,IN,27.1833,82.9333,45.79,63,89,5.21,overcast clouds
493,Aykhal,RU,66.0,111.5,-51.72,100,63,4.54,broken clouds
494,Doctor Juan Leon Mallorquin,PY,-25.4,-55.2667,76.73,84,100,2.53,overcast clouds
495,Yichun,CN,47.7,128.9,-7.13,87,95,2.57,overcast clouds
496,Jhalrapatan,IN,24.55,76.1667,43.52,45,0,2.82,clear sky
497,Inongo,CD,-1.95,18.2667,72.23,89,100,1.54,overcast clouds
498,Dingle,PH,10.9995,122.6711,81.21,83,38,5.55,scattered clouds
499,Nabire,ID,-3.3667,135.4833,83.57,68,100,2.28,overcast clouds
500,Nguruka,TZ,-5.1092,31.0419,64.13,95,100,0.85,overcast clouds
501,Jaisalmer,IN,26.9147,70.9181,49.51,17,0,5.86,clear sky
502,Kostomuksha,RU,64.571,30.5767,32.36,96,100,12.97,overcast clouds
503,Langsa,ID,4.4683,97.9683,78.4,82,93,4.0,overcast clouds
504,Tahta,EG,26.7693,31.5021,52.29,51,0,2.51,clear sky
505,Tweed,CA,44.4751,-77.3162,15.22,93,45,4.0,scattered clouds
506,Maldonado,UY,-34.6667,-54.9167,72.79,68,0,7.76,clear sky
507,Parabel,RU,58.6978,81.4825,13.68,93,100,13.89,light snow
508,Abha,SA,18.2164,42.5053,48.02,76,0,0.0,clear sky
509,Caernarfon,GB,53.1413,-4.2702,40.8,35,100,6.91,overcast clouds
510,Henderson,US,36.0397,-114.9819,54.84,50,40,17.27,scattered clouds
511,Antsohihy,MG,-14.8796,47.9875,72.36,95,99,2.35,overcast clouds
512,Oslavany,CZ,49.1233,16.3365,38.8,90,0,6.91,clear sky
513,Harindanga,IN,22.0383,88.3214,66.24,62,0,10.09,clear sky
514,Marrakesh,MA,31.6315,-8.0083,50.07,76,4,2.3,clear sky
515,Kungurtug,RU,50.5994,97.5228,-5.08,99,100,0.72,overcast clouds
516,Beroroha,MG,-21.6667,45.1667,72.1,71,0,3.98,clear sky
517,Jieshi,CN,22.8134,115.8257,51.24,65,95,11.99,overcast clouds
518,Ostrovnoy,RU,68.0531,39.5131,32.38,91,100,23.89,light snow
519,Dera Ismail Khan,PK,31.8327,70.9024,44.38,22,0,9.22,clear sky
520,Chudniv,UA,50.052,28.1175,35.1,87,100,12.66,overcast clouds
521,Alta Floresta,BR,-9.8756,-56.0861,71.76,90,100,2.98,overcast clouds
522,Darhan,MN,49.4867,105.9228,-8.95,96,98,0.92,overcast clouds
523,Grenada,ES,37.1882,-3.6067,43.68,90,40,4.61,scattered clouds
524,Butajira,ET,8.1167,38.3667,53.55,77,2,5.95,clear sky
525,Nadym,RU,65.5333,72.5167,17.15,94,98,14.27,overcast clouds
526,Carnduff,CA,49.1667,-101.8009,22.37,96,100,6.49,overcast clouds
527,Faya,SA,18.3851,42.4509,48.31,73,11,1.7,few clouds
528,Leh,IN,34.1667,77.5833,-5.08,75,11,2.44,few clouds
529,Carutapera,BR,-1.195,-46.02,73.15,96,100,1.07,overcast clouds
530,Lagoa,PT,39.05,-27.9833,54.43,60,19,4.99,few clouds
531,Anahuac,MX,27.2333,-100.15,67.95,41,46,9.89,scattered clouds
532,Xingcheng,CN,40.6167,120.7167,18.57,35,0,4.99,clear sky
533,Todos Santos,MX,23.45,-110.2167,67.66,83,30,6.8,scattered clouds
534,Ciudad Bolivar,VE,8.1222,-63.5497,81.46,58,97,12.12,overcast clouds
535,Gopalur,IN,16.6167,77.8,65.75,53,1,3.38,clear sky
536,Nuevo Progreso,MX,23.1667,-97.95,65.46,64,6,1.01,clear sky
537,Rocha,UY,-34.4833,-54.3333,62.91,80,0,6.87,clear sky
538,Krasnoselkup,RU,65.7,82.4667,-5.67,98,100,17.38,light snow
539,Hobyo,SO,5.3505,48.5268,77.72,62,89,20.29,overcast clouds
540,Maumere,ID,-8.6199,122.2111,83.17,74,86,5.93,overcast clouds
541,Jalu,LY,29.0331,21.5482,53.04,69,1,11.77,clear sky
542,Cap-Aux-Meules,CA,47.3821,-61.8597,33.82,100,100,26.46,light intensity shower rain
543,Turayf,SA,31.6725,38.6637,41.25,87,0,5.75,clear sky
544,Weihai,CN,37.5017,122.1136,27.73,53,49,13.29,scattered clouds
545,Baruun-Urt,MN,46.6806,113.2792,-7.13,90,15,6.6,few clouds
546,Pandan,PH,14.0453,124.1694,78.64,90,100,10.76,overcast clouds
547,Evensk,RU,61.95,159.2333,2.71,77,100,8.63,overcast clouds
548,Havelock,US,34.8791,-76.9013,38.93,76,0,6.91,clear sky
549,Fortuna Foothills,US,32.6578,-114.4119,62.69,50,100,5.75,overcast clouds
550,La Peca,PE,-5.6111,-78.435,68.68,88,100,2.64,light rain
551,Hamilton,US,39.1834,-84.5333,36.0,59,0,8.05,clear sky
552,Yuli,NG,9.6989,10.2744,65.66,28,5,6.96,clear sky
553,Tuy Hoa,VN,13.0833,109.3,75.74,78,6,9.57,clear sky
554,Bonthe,SL,7.5264,-12.505,76.48,87,100,5.68,overcast clouds
555,Upata,VE,8.0086,-62.3989,76.19,82,100,4.72,overcast clouds
556,Moose Factory,CA,51.2585,-80.6094,32.0,47,75,10.36,broken clouds
557,Batticaloa,LK,7.7102,81.6924,75.87,84,92,2.64,overcast clouds
558,Kamyshlov,RU,56.8428,62.7111,17.37,69,66,17.58,broken clouds
559,Cloquet,US,46.7216,-92.4594,31.59,96,0,0.0,clear sky
560,Miri,MY,4.4148,114.0089,80.74,83,40,2.3,scattered clouds
561,Acari,PE,-15.4311,-74.6158,72.43,77,80,2.91,broken clouds
562,Sayyan,YE,15.1718,44.3244,48.94,46,4,1.52,clear sky
563,Egvekinot,RU,66.3167,-179.1667,-16.1,83,68,20.62,broken clouds
564,Juegang,CN,32.3174,121.1855,35.98,53,14,13.2,few clouds
565,Terney,RU,45.0503,136.6092,8.4,51,0,10.27,clear sky
566,Mvuma,ZW,-19.2792,30.5283,62.67,87,45,7.72,scattered clouds
567,Noyabrsk,RU,63.1994,75.4507,17.17,94,100,14.32,overcast clouds
568,San Cristobal,VE,7.7669,-72.225,69.98,96,69,2.3,broken clouds
569,Labuhan,ID,-6.8844,112.2051,81.05,76,100,7.07,overcast clouds
570,Rawson,AR,-43.3002,-65.1023,63.86,55,11,18.48,few clouds
571,Orlik,RU,52.5178,99.825,-8.07,90,100,4.27,overcast clouds
572,Mecca,SA,21.4267,39.8261,69.24,69,30,1.92,scattered clouds
573,Dhidhdhoo,MV,6.8833,73.1,79.23,69,99,6.91,overcast clouds
574,Mitry-Mory,FR,48.9833,2.6167,44.98,83,75,24.16,broken clouds
575,Te Anau,NZ,-45.4167,167.7167,73.99,44,18,8.84,few clouds
576,Atyrau,KZ,47.1167,51.8833,14.02,62,0,13.42,clear sky
577,Kuvshinovo,RU,57.0295,34.1725,26.67,92,100,15.12,overcast clouds
578,Celendin,PE,-6.8703,-78.1517,56.37,80,100,3.06,light rain
579,Xining,CN,36.6167,101.7667,8.92,81,100,2.64,overcast clouds
580,Duldurga,RU,50.6761,113.5931,0.61,85,89,6.38,overcast clouds
581,Kasrawad,IN,22.1333,75.6,54.34,40,2,4.72,clear sky
582,College,US,64.8569,-147.8028,6.75,78,75,3.44,broken clouds
583,Sapozhok,RU,53.9419,40.6806,15.8,94,96,10.27,overcast clouds
584,Oulu,FI,65.0124,25.4682,35.71,87,100,13.8,overcast clouds
585,Svetogorsk,RU,61.1121,28.8632,34.45,95,100,12.39,light rain
586,Waw,SS,7.7029,27.9953,71.1,30,98,4.34,overcast clouds
587,Barrancabermeja,CO,7.0653,-73.8547,72.73,96,97,1.12,overcast clouds
588,La Rioja,ES,42.25,-2.5,29.98,75,100,14.54,overcast clouds
589,Port-Cartier,CA,50.0334,-66.8654,17.28,85,100,8.23,overcast clouds
590,Verkhoyansk,RU,67.5447,133.385,-47.22,100,100,1.03,overcast clouds
591,La Macarena,CO,2.1837,-73.7849,76.5,60,57,1.59,broken clouds
592,Fayaoue,NC,-20.65,166.5333,80.56,73,50,16.13,scattered clouds
593,Tairua,NZ,-37.0167,175.85,68.16,68,9,9.01,clear sky
594,Nyurba,RU,63.2842,118.3319,-72.63,100,85,2.98,overcast clouds
595,Nalut,LY,30.3333,10.85,46.22,56,0,5.03,clear sky
596,Biloela,AU,-24.4167,150.5,72.95,80,100,12.5,overcast clouds
597,Tvoroyri,FO,61.5556,-6.8111,34.88,70,99,21.05,light snow
598,Kathu,TH,7.9178,98.3332,83.7,99,79,10.65,broken clouds
599,Placido De Castro,BR,-10.3353,-67.1856,72.32,97,100,0.74,moderate rain
600,Verkhnyaya Inta,RU,65.9811,60.3094,25.25,92,99,19.01,overcast clouds
601,Santa Cruz,BO,-17.8,-63.1667,72.86,94,29,3.44,scattered clouds
602,Leshukonskoye,RU,64.8989,45.7622,29.39,91,100,12.93,overcast clouds
603,Waslala,NI,13.2333,-85.3833,63.28,81,29,3.27,scattered clouds
604,Dafeng,CN,23.4517,108.5881,41.86,57,100,8.52,overcast clouds
605,Ixtapa,MX,20.7,-105.2,66.25,78,59,1.48,broken clouds
606,Herat,AF,34.5,62.0,21.38,55,34,4.09,scattered clouds
607,Udalguri,IN,26.7667,92.1333,59.34,72,99,3.98,overcast clouds
608,Vila,PT,42.0304,-8.1588,43.68,95,100,16.69,overcast clouds
609,Ampanihy,MG,-24.7,44.75,72.46,73,0,5.93,clear sky
610,Ati,TD,13.2154,18.3353,64.8,24,60,11.12,broken clouds
611,Chemal,RU,51.4111,86.005,5.58,94,100,4.54,overcast clouds
612,Sal Rei,CV,16.1833,-22.9167,73.13,73,100,15.21,overcast clouds
613,Terme,TR,41.2092,36.9739,44.08,82,40,3.18,scattered clouds
614,Gambela,ET,8.25,34.5833,78.98,45,69,2.53,broken clouds
615,Arya,PK,33.6,73.0667,40.23,78,7,4.99,clear sky
616,Iberia,US,29.9502,-91.7507,60.8,63,100,16.11,overcast clouds
617,Mikhaylovsk,RU,45.1283,42.0256,26.82,93,40,13.42,scattered clouds
618,Snasa,NO,64.2457,12.3778,26.01,97,100,2.26,overcast clouds
619,Lishui,CN,28.4604,119.9103,37.31,61,45,4.23,scattered clouds
620,Porbandar,IN,21.6422,69.6093,57.96,41,4,9.84,clear sky
621,Usinsk,RU,65.9939,57.5281,23.61,96,95,13.73,overcast clouds
622,Alexandria,EG,31.2156,29.9553,50.54,72,96,14.83,overcast clouds
623,Waipawa,NZ,-41.4122,175.5153,70.74,53,41,7.45,scattered clouds
624,Grand Gaube,MU,-20.0064,57.6608,79.2,75,22,7.0,light rain
625,Shirokiy,RU,49.758,129.523,-17.21,95,36,1.79,scattered clouds
626,Krasnovishersk,RU,60.4078,57.082,14.18,95,100,7.49,light snow
627,Marienburg,PL,54.0359,19.0266,37.85,75,72,17.67,broken clouds
628,Buraydah,SA,26.326,43.975,50.45,69,90,7.74,overcast clouds
629,Ales,FR,44.1333,4.0833,40.28,76,100,1.74,overcast clouds
630,Cravo Norte,CO,6.3017,-70.2041,80.62,52,73,3.33,broken clouds
631,Ballina,AU,-28.8667,153.5667,82.02,67,50,9.95,scattered clouds
632,Chapleau,CA,47.8405,-83.4034,30.29,59,100,10.36,overcast clouds
633,Vieux-Habitants,GP,16.0589,-61.7659,71.17,77,7,4.97,clear sky
634,Ulefoss,NO,59.2838,9.2646,28.35,91,100,3.89,overcast clouds
635,Belyy Yar,RU,53.6039,91.3903,13.89,73,0,17.9,clear sky
636,Arkhara,RU,49.4212,130.0842,-20.56,95,67,1.95,broken clouds
637,Kodaikanal,IN,10.2333,77.4833,48.2,56,92,2.26,overcast clouds
638,Roswell,US,34.0232,-84.3616,43.56,62,0,0.0,clear sky
639,Ocampo,MX,21.65,-101.5,53.26,28,54,10.56,broken clouds
640,Aketi,CD,2.7388,23.7833,76.19,49,98,2.86,overcast clouds
641,Russell,US,32.3502,-85.1999,42.01,70,0,0.0,clear sky
642,Tunduma,TZ,-9.3,32.7667,56.55,98,100,1.63,overcast clouds
643,Anzio,IT,41.4853,12.6179,56.1,77,98,3.67,overcast clouds
644,Saint-Francois,FR,46.4154,3.9054,38.68,75,0,13.8,clear sky
645,Anadyr,RU,64.75,177.4833,-8.9,77,0,13.42,clear sky
646,Cowra,AU,-33.8333,148.6833,95.76,24,80,4.63,broken clouds
647,Fortaleza,BR,-3.7227,-38.5247,81.21,78,40,5.75,scattered clouds
648,Takoradi,GH,4.8845,-1.7554,78.4,84,6,5.08,clear sky
649,Karpathos,GR,35.507,27.2132,53.56,82,13,3.44,few clouds
650,Gamba,GA,-2.65,10.0,74.14,86,100,2.13,overcast clouds
651,Sol-Iletsk,RU,51.1631,54.9918,-4.5,88,4,5.23,clear sky
652,Bronnoysund,NO,65.4625,12.1997,32.0,74,75,5.01,broken clouds
653,Chake Chake,TZ,-5.2459,39.7666,77.41,83,25,7.45,scattered clouds
654,Ndjole,GA,-0.1783,10.7649,72.64,99,93,0.29,overcast clouds
655,Steinbach,DE,50.1667,8.5667,41.61,87,75,10.36,broken clouds
656,Velikodvorskiy,RU,55.25,40.6678,14.47,94,100,9.84,overcast clouds
657,Florencia,IT,43.7667,11.25,53.73,88,40,4.61,scattered clouds
658,Saint George,US,37.1041,-113.5841,48.79,67,0,10.36,clear sky
659,Goedereede,NL,51.8175,3.9806,40.05,91,55,19.48,broken clouds
660,Uusikaupunki,FI,60.8004,21.4084,36.39,97,100,24.54,moderate rain
661,Udankudi,IN,8.4333,78.0167,71.78,81,100,10.13,overcast clouds
662,Ahipara,NZ,-35.1667,173.1667,70.56,64,73,9.04,broken clouds
663,Nikolayevka,RU,53.1257,47.2041,1.63,99,66,5.3,broken clouds
664,Isakly,RU,54.1333,51.5333,-5.6,96,15,4.21,few clouds
665,Mbinga,TZ,-10.9333,35.0167,61.38,98,100,1.54,moderate rain
666,Eyl,SO,7.9803,49.8164,74.03,68,53,12.53,broken clouds
667,Mariinskiy Posad,RU,56.115,47.718,4.14,89,10,8.63,clear sky
668,Tsaratanana,MG,-16.7833,47.65,73.0,77,98,7.92,overcast clouds
669,Toamasina,MG,-18.1667,49.3833,73.4,100,75,2.3,light rain
670,Alyangula,AU,-13.8483,136.4192,84.58,70,100,5.61,overcast clouds
671,Sorong,ID,-0.8833,131.25,83.39,71,93,2.17,overcast clouds
672,Bereda,ES,43.2686,-7.5406,49.14,100,100,11.74,light rain
673,Tres Rios,BR,-22.1167,-43.2092,73.35,94,31,2.19,scattered clouds
674,Markova,UA,48.6758,24.4138,35.55,82,100,1.19,overcast clouds
675,Koungou,YT,-12.7336,45.2042,78.51,89,0,4.61,clear sky
676,Inzer,RU,54.2167,57.5556,-3.62,91,27,3.87,scattered clouds
677,Hirara,JP,24.8,125.2833,60.66,88,75,26.46,broken clouds
678,New Richmond,US,45.123,-92.5366,36.84,86,100,6.91,overcast clouds
679,Zarya,RU,55.7553,38.0958,26.98,93,100,10.74,overcast clouds
680,Trinidad,BO,-14.8333,-64.9,73.29,97,99,3.02,overcast clouds
681,La Romana,DO,18.4273,-68.9728,71.96,100,40,0.0,scattered clouds
682,Zhanakorgan,KZ,43.9098,67.2495,17.53,47,0,4.03,clear sky
683,Santa Rosalia,MX,27.3167,-112.2833,61.74,62,10,3.13,clear sky
684,Urengoy,RU,65.9667,78.3667,2.34,96,100,12.5,light snow
685,Belozerskoye,RU,55.8214,65.5842,18.18,69,60,16.93,broken clouds
686,Iracoubo,GF,5.4802,-53.2011,74.3,91,100,6.64,overcast clouds
687,Bantou,CN,26.2151,117.4893,42.69,74,94,3.51,overcast clouds
688,Shirokaya Rechka,RU,56.7986,60.4852,15.26,70,100,14.61,overcast clouds
689,Los Llanos De Aridane,ES,28.6585,-17.9182,60.55,76,75,15.99,broken clouds
690,Beira,MZ,-19.8436,34.8389,77.09,94,75,3.44,light rain
691,Ust-Kishert,RU,57.3654,57.2495,7.38,87,59,12.55,broken clouds
692,Sur,OM,22.5667,59.5289,67.23,57,34,7.47,scattered clouds
693,Humaita,BR,-7.5061,-63.0208,74.95,94,100,1.99,overcast clouds
694,Tigil,RU,57.8,158.6667,9.27,93,100,9.15,overcast clouds
695,Sangin,AF,32.0728,64.8359,31.89,44,0,2.53,clear sky
696,Kudahuvadhoo,MV,2.6708,72.8944,79.07,71,97,5.55,overcast clouds
697,Miles City,US,46.4083,-105.8406,29.53,90,100,7.38,overcast clouds
698,Benghazi,LY,32.1167,20.0667,60.87,61,100,13.53,overcast clouds
699,Cururupu,BR,-1.8283,-44.8683,72.7,98,100,2.17,moderate rain
700,Kaduna,NG,10.5222,7.4383,62.73,24,3,9.44,clear sky
701,Atwater,US,37.3477,-120.6091,51.08,85,100,3.0,light rain
702,Whitehorse,CA,60.7161,-135.0538,14.81,91,75,0.0,broken clouds
703,Zaranj,AF,30.9667,61.8833,31.62,28,1,1.88,clear sky
704,Tupik,RU,54.4253,119.9327,-32.4,97,69,0.96,broken clouds
705,Kalispell,US,48.1958,-114.3129,37.49,95,100,0.0,mist
706,San Jose,US,37.3394,-121.895,50.2,89,100,8.05,moderate rain
707,High Prairie,CA,55.4334,-116.4858,26.49,96,100,5.06,overcast clouds
708,Prachin Buri,TH,14.0833,101.6667,80.53,57,3,0.49,clear sky
709,Laguna,US,38.421,-121.4238,52.02,87,100,11.5,overcast clouds
710,Muzaffarpur,IN,26.1167,85.4,48.67,75,1,5.82,clear sky
711,Landau,DE,49.2075,8.1133,42.66,80,93,10.87,overcast clouds
712,Mendi,PG,-6.1761,143.6513,60.84,92,100,2.68,overcast clouds
713,Oltu,TR,40.5498,42.0013,27.79,85,24,4.03,few clouds
714,Sola,VU,-13.8833,167.55,81.54,75,90,11.36,overcast clouds
715,Wuchi,CN,29.3786,103.023,23.5,63,87,2.24,overcast clouds
716,Fenoarivo,MG,-18.933,47.4354,62.67,94,40,6.91,scattered clouds
717,Garowe,SO,8.4054,48.4845,63.9,90,4,8.21,clear sky
718,Plouzane,FR,48.3833,-4.6167,44.78,87,75,40.29,light rain
719,Guozhen,CN,34.3659,107.359,28.45,40,86,2.66,overcast clouds
720,Tangshan,CN,39.6333,118.1833,21.69,27,0,6.38,clear sky
721,Debre Zeyit,ET,8.75,38.9833,54.73,78,0,3.62,clear sky
722,Burnie,AU,-41.0667,145.9167,66.94,54,0,11.18,clear sky
723,Danjiangkou,CN,32.5428,111.5086,33.49,36,5,2.42,clear sky
724,Juybar,IR,36.6412,52.9124,37.49,70,50,3.98,scattered clouds
725,Dalbandin,PK,28.8947,64.4101,32.13,35,0,7.36,clear sky
726,Tvedestrand,NO,58.622,8.9315,37.33,63,36,19.44,scattered clouds
727,Ambilobe,MG,-13.2,49.05,72.57,95,100,2.19,overcast clouds
728,Bilma,NE,18.6853,12.9164,57.6,33,0,11.03,clear sky
729,Ranot,TH,7.7777,100.3213,79.29,79,85,3.83,overcast clouds
730,Kismayo,SO,-0.3582,42.5454,76.96,87,78,16.6,broken clouds
731,Morgan City,US,29.6994,-91.2068,59.0,77,100,10.36,overcast clouds
